	train_pair	start_abschnitt_id	end_abschnitt_id	start_abschnitt_pos	end_abschnitt_pos	delta
0	('IC100 3104', 'S1 1120')	713	713	35.93	35.93	0 days 00:11:45.908000
1	('IC100 3103', 'RB40 2413')	740	740	34.797	34.797	0 days 00:05:18.397000
2	('IC100 3102', 'S1 1112')	713	713	35.93	35.93	0 days 00:11:45.908000
3	('IC100 3105', 'RB40 2417')	740	740	34.797	34.797	0 days 00:05:18.396000
4	('ICE500 5002', 'RB40 2410')	713	713	35.93	35.93	0 days 00:01:51.597000
5	('RE50 2511', 'IC300 3301')	740	740	34.797	34.797	0 days 00:03:29.294000
6	('IC300 3301', 'RB40 2411')	740	740	34.797	34.797	0 days 00:05:53.398000
